"c","__source__","projectname","__time__"
"0","","EC.Voucher.NoticePush.task",1521427872
"0","","WXCMS.Admin_Sendmsg.Api",1521427872
"0","","Ec.Order.Sever.Jd.Task",1521427872
"0","","EC.OrderDeliver.OrderInfoUp30.task",1521427872
"0","","Game.Activity.choumiandan",1521427872
"0","","ec.goods.synchronized.jd.task",1521427872
"0","","EC.OrderDeliver.OrderInfoUp20.task",1521427872
"0","","EC.OrderRewardVoucher.task",1521427872
"0","","ec.goods.synchronized.wy.task",1521427872
"38","","111.23.98.72",1521427872
"42","","58.20.114.196",1521427872
"45","","218.76.1.38",1521427872
"45","","223.104.63.201",1521427872
"47","","111.8.36.166",1521427872
"57","","117.136.53.81",1521427872
"67","","Ec.Distribution.Activation.Task",1521427872
"72","","Ec.Voucher.Redeem.Api",1521427872
"79","","111.8.147.162",1521427872
"79","","219.136.76.210",1521427872
"82","","175.7.6.156",1521427872
"84","","36.157.81.29",1521427872
"86","","111.22.119.188",1521427872
"89","","49.79.17.136",1521427872
"92","","118.196.178.112",1521427872
"98","","183.215.41.69",1521427872
"98","","220.166.211.132",1521427872
"99","","222.247.60.78",1521427872
"100","","119.39.195.51",1521427872
"101","","183.214.191.78",1521427872
"106","","118.251.41.79",1521427872
"106","","117.182.233.68",1521427872
"107","","183.214.213.127",1521427872
"110","","223.149.62.217",1521427872
"112","","106.19.64.226",1521427872
"113","","113.247.207.36",1521427872
"114","","223.149.247.154",1521427872
"115","","183.250.71.144",1521427872
"117","","42.48.212.177",1521427872
"117","","101.107.81.64",1521427872
"117","","117.136.88.158",1521427872
"117","","223.146.152.87",1521427872
"118","","175.10.112.154",1521427872
"121","","218.76.169.77",1521427872
"121","","113.247.58.164",1521427872
"123","","175.4.241.198",1521427872
"124","","190.233.217.127",1521427872
"124","","113.247.14.51",1521427872
"124","","117.136.46.233",1521427872
"125","","106.17.13.217",1521427872
"126","","220.161.221.126",1521427872
"126","","49.65.240.215",1521427872
"127","","112.22.46.34",1521427872
"128","","113.246.154.207",1521427872
"128","","118.206.228.96",1521427872
"129","","112.28.149.145",1521427872
"131","","115.60.48.233",1521427872
"132","","112.2.223.34",1521427872
"133","","220.115.183.134",1521427872
"134","","119.39.93.176",1521427872
"135","","124.228.30.75",1521427872
"136","","119.86.111.174",1521427872
"137","","110.53.23.94",1521427872
"139","","118.206.228.73",1521427872
"140","","119.39.93.243",1521427872
"141","","113.74.43.172",1521427872
"142","","45.115.218.25",1521427872
"143","","125.106.184.18",1521427872
"143","","118.250.155.121",1521427872
"143","","119.33.194.223",1521427872
"143","","113.240.198.105",1521427872
"144","","122.230.70.0",1521427872
"145","","114.235.59.55",1521427872
"145","","183.67.52.80",1521427872
"146","","111.8.206.246",1521427872
"147","","222.240.93.85",1521427872
"148","","111.8.195.252",1521427872
"149","","113.246.52.112",1521427872
"152","","27.37.148.131",1521427872
"152","","117.136.81.148",1521427872
"153","","101.247.255.241",1521427872
"154","","1.31.112.95",1521427872
"154","","113.222.188.31",1521427872
"155","","113.246.184.141",1521427872
"156","","60.179.16.249",1521427872
"156","","113.242.40.187",1521427872
"156","","112.66.46.124",1521427872
"156","","111.22.205.223",1521427872
"157","","175.11.32.181",1521427872
"158","","123.131.13.124",1521427872
"158","","119.96.108.116",1521427872
"158","","39.181.157.44",1521427872
"159","","27.29.91.68",1521427872
"159","","60.24.90.254",1521427872
"159","","117.136.40.166",1521427872
"160","","117.30.145.98",1521427872
"160","","101.224.79.211",1521427872
"161","","36.23.96.198",1521427872
"162","","111.8.146.78",1521427872
"163","","221.192.178.13",1521427872
"163","","223.149.198.247",1521427872